true_label,predicted_label,confidence,action,expected_action,response_time_ms
benign,benign,1.0,allow,allow,24.303717000293545
benign,benign,1.0,allow,allow,13.518395999199129
suspicious,suspicious,1.0,rate-limit,redirect,24.049710998951923
benign,benign,1.0,allow,allow,13.069607999568689
suspicious,suspicious,1.0,rate-limit,redirect,24.283142000058433
benign,benign,1.0,allow,allow,23.57805799874768
suspicious,suspicious,1.0,rate-limit,redirect,43.98147499887273
attack,attack,0.9976518649656192,block,block,13.82859799923608
suspicious,suspicious,1.0,rate-limit,redirect,14.556089001416694
benign,attack,0.63,block,allow,23.977875000127824
benign,benign,1.0,allow,allow,23.776304000421078
attack,attack,1.0,block,block,23.617358001501998
suspicious,suspicious,1.0,rate-limit,redirect,26.02958199895511
benign,benign,1.0,allow,allow,12.588887999299914
benign,benign,1.0,allow,allow,24.293382000905694
benign,benign,1.0,allow,allow,25.802406000366318
suspicious,suspicious,0.6430956077285734,redirect,redirect,13.893065000956994
benign,benign,1.0,allow,allow,13.145470999006648
benign,benign,0.99,allow,allow,13.702800000828574
attack,attack,1.0,block,block,39.272796999284765
attack,attack,0.9899079138683099,block,block,13.646813000377733
suspicious,suspicious,1.0,rate-limit,redirect,13.009098000111408
benign,benign,0.8407352195939726,allow,allow,14.597838000554475
suspicious,suspicious,1.0,rate-limit,redirect,24.301145998833817
attack,attack,1.0,block,block,12.961041999005829
benign,benign,1.0,allow,allow,23.880429998826003
benign,benign,1.0,allow,allow,13.123458998961723
benign,benign,1.0,allow,allow,24.3645970003854
suspicious,suspicious,1.0,rate-limit,redirect,24.311486000442528
suspicious,suspicious,1.0,rate-limit,redirect,24.072157000773586
benign,benign,0.84,allow,allow,14.868250000290573
benign,benign,1.0,allow,allow,14.499110999167897
benign,benign,1.0,allow,allow,23.67688000049384
benign,benign,0.68,allow,allow,14.096032999077579
attack,attack,0.9996870956358076,block,block,13.376814000366721
suspicious,suspicious,1.0,rate-limit,redirect,24.2786030012212
attack,attack,0.9976518649656192,block,block,13.85508800012758
attack,attack,0.9976518649656192,block,block,23.694642999544158
benign,benign,0.6906181063744516,allow,allow,13.38975300132006
suspicious,suspicious,1.0,rate-limit,redirect,12.922257999889553
benign,benign,1.0,allow,allow,14.050814001166145
suspicious,suspicious,1.0,rate-limit,redirect,25.10278699992341
attack,attack,0.9976518649656192,block,block,13.437256999168312
benign,benign,1.0,allow,allow,23.681478000071365
attack,attack,1.0,block,block,24.36560299975099
suspicious,suspicious,0.6430956077285734,redirect,redirect,24.748783000177355
suspicious,suspicious,1.0,rate-limit,redirect,13.56990299973404
attack,attack,1.0,block,block,13.614367999252863
benign,benign,1.0,allow,allow,13.684880999790039
attack,attack,1.0,block,block,13.01404200057732
benign,benign,0.95,allow,allow,24.290209999890067
attack,attack,0.9976518649656192,block,block,45.8131899995351
benign,benign,1.0,allow,allow,37.018331000581384
attack,attack,0.9976518649656192,block,block,23.89544900142937
suspicious,suspicious,1.0,rate-limit,redirect,24.185598000258324
benign,benign,0.99,allow,allow,13.470545998643502
suspicious,suspicious,1.0,rate-limit,redirect,23.928201000671834
suspicious,suspicious,1.0,rate-limit,redirect,13.376668001001235
suspicious,suspicious,1.0,rate-limit,redirect,13.698937000299338
suspicious,suspicious,1.0,rate-limit,redirect,13.321770999027649
benign,benign,0.97,allow,allow,14.87055799952941
suspicious,suspicious,1.0,rate-limit,redirect,13.601988999653258
suspicious,suspicious,1.0,rate-limit,redirect,13.82980000016687
benign,benign,1.0,allow,allow,13.883727000575163
suspicious,suspicious,1.0,rate-limit,redirect,24.433186001260765
benign,benign,0.54,allow,allow,24.29075600048236
suspicious,suspicious,1.0,rate-limit,redirect,23.413306000293233
attack,attack,0.98,block,block,12.869268000940792
suspicious,suspicious,1.0,rate-limit,redirect,13.188241000534617
suspicious,suspicious,0.8343553153465848,rate-limit,redirect,24.954903001344064
benign,benign,1.0,allow,allow,13.466488000631216
suspicious,suspicious,0.9951688261243514,rate-limit,redirect,27.038484000513563
attack,attack,1.0,block,block,25.791685000513098
attack,attack,1.0,block,block,24.412917000518064
suspicious,suspicious,1.0,rate-limit,redirect,25.08973800104286
attack,attack,0.9976518649656192,block,block,12.725185000817874
benign,benign,1.0,allow,allow,25.35938800065196
suspicious,suspicious,1.0,rate-limit,redirect,14.36939600171172
suspicious,suspicious,1.0,rate-limit,redirect,13.477689000865212
suspicious,suspicious,1.0,rate-limit,redirect,12.783304999175016
suspicious,suspicious,1.0,rate-limit,redirect,24.381086999710533
attack,attack,1.0,block,block,13.269214001411456
attack,attack,0.9976518649656192,block,block,13.211956000304781
benign,benign,1.0,allow,allow,13.228887999503058
suspicious,suspicious,1.0,rate-limit,redirect,23.71493700047722
attack,attack,1.0,block,block,23.435027000232367
suspicious,benign,0.6906181063744516,allow,redirect,14.752850998775102
attack,attack,0.9976518649656192,block,block,24.028971000007004
attack,attack,0.9888600439060096,block,block,13.94500300011714
suspicious,suspicious,1.0,rate-limit,redirect,23.71925500119687
attack,attack,1.0,block,block,23.805176999303512
attack,attack,0.99,block,block,13.26993600014248
suspicious,suspicious,1.0,rate-limit,redirect,13.557930000388296
benign,benign,1.0,allow,allow,13.026155000261497
benign,benign,1.0,allow,allow,13.368271000217646
suspicious,suspicious,1.0,rate-limit,redirect,12.973033999514882
attack,attack,0.99,block,block,13.069725999230286
attack,attack,1.0,block,block,24.023770998610416
benign,benign,0.99,allow,allow,13.18664799873659
suspicious,suspicious,1.0,rate-limit,redirect,13.289102000271669
benign,benign,1.0,allow,allow,23.31623300051433
suspicious,suspicious,0.6430956077285734,redirect,redirect,23.457048999262042
attack,attack,0.9976518649656192,block,block,13.483259999702568
benign,benign,0.9885530546623795,allow,allow,13.425650000499445
attack,attack,1.0,block,block,23.74432199940202
suspicious,suspicious,1.0,rate-limit,redirect,23.816930000975844
suspicious,suspicious,1.0,rate-limit,redirect,13.176389000363997
suspicious,suspicious,1.0,rate-limit,redirect,13.280876000862918
benign,benign,1.0,allow,allow,13.236071001301752
benign,benign,0.98,allow,allow,13.534356001400738
suspicious,suspicious,0.6430956077285734,redirect,redirect,13.64335200014466
attack,attack,1.0,block,block,13.005525999687961
suspicious,suspicious,1.0,rate-limit,redirect,12.663958999837632
attack,attack,1.0,block,block,13.334396999198361
suspicious,suspicious,1.0,rate-limit,redirect,13.500781999027822
suspicious,suspicious,1.0,rate-limit,redirect,13.866622000932693
suspicious,suspicious,1.0,rate-limit,redirect,24.745909999182913
suspicious,suspicious,1.0,rate-limit,redirect,13.76777800032869
benign,benign,1.0,allow,allow,24.530459000743576
benign,benign,1.0,allow,allow,13.972355000078096
suspicious,suspicious,1.0,rate-limit,redirect,23.55790900037391
benign,benign,1.0,allow,allow,13.829344999976456
suspicious,suspicious,1.0,rate-limit,redirect,23.86185400064278
suspicious,suspicious,0.6430956077285734,redirect,redirect,23.84328900006949
benign,benign,1.0,allow,allow,13.222013998529292
attack,attack,0.9976518649656192,block,block,13.14281499981007
suspicious,suspicious,1.0,rate-limit,redirect,23.98930600065796
suspicious,suspicious,1.0,rate-limit,redirect,13.587265000751358
suspicious,suspicious,1.0,rate-limit,redirect,13.321634000021731
benign,suspicious,0.6430956077285734,redirect,allow,13.101106998874457
attack,attack,0.9976518649656192,block,block,24.630875001093955
suspicious,suspicious,0.476823641918594,redirect,redirect,13.285063998409896
attack,attack,0.98,block,block,24.152613999831374
attack,attack,0.9976518649656192,block,block,13.148987000022316
suspicious,suspicious,1.0,rate-limit,redirect,13.707432999581215
attack,attack,0.9896820463781976,block,block,13.322880000487203
suspicious,suspicious,0.7377123965435695,redirect,redirect,12.895080999442143
attack,attack,1.0,block,block,13.491573999999673
benign,benign,1.0,allow,allow,13.534947000152897
suspicious,suspicious,1.0,rate-limit,redirect,13.565588998972089
benign,benign,0.95,allow,allow,24.229810000178986
benign,benign,1.0,allow,allow,25.525987999571953
suspicious,benign,0.8119870888831655,allow,redirect,14.704084000186413
attack,attack,0.9976518649656192,block,block,23.36770500005514
attack,attack,0.9976518649656192,block,block,13.149898000847315
attack,attack,1.0,block,block,13.112672000715975
benign,benign,0.6906181063744518,allow,allow,13.436596000246936
benign,benign,1.0,allow,allow,23.33368600011454
attack,attack,0.9979693042247646,block,block,26.082874999701744
attack,attack,0.96,block,block,13.64043700050388
benign,benign,1.0,allow,allow,13.714456999878166
attack,attack,1.0,block,block,13.610228999823448
benign,benign,0.6906181063744516,allow,allow,24.18889299951843
suspicious,suspicious,1.0,rate-limit,redirect,13.665617998412927
benign,benign,1.0,allow,allow,13.699994999115006
suspicious,suspicious,1.0,rate-limit,redirect,24.567679000028875
attack,attack,0.9976518649656192,block,block,13.08507700014161
suspicious,suspicious,1.0,rate-limit,redirect,13.480624000294483
attack,attack,1.0,block,block,24.651678999362048
attack,attack,1.0,block,block,13.245899999674293
suspicious,suspicious,1.0,rate-limit,redirect,23.230699998748605
attack,attack,0.9976518649656192,block,block,23.572717000206467
benign,benign,1.0,allow,allow,13.858158001312404
benign,benign,1.0,allow,allow,24.490904999765917
attack,attack,0.9976518649656192,block,block,23.72368299984373
benign,benign,0.99,allow,allow,13.593466999736847
benign,benign,0.6906181063744516,allow,allow,23.453091000192217
attack,attack,0.99,block,block,24.62198800094484
benign,benign,1.0,allow,allow,13.709192000533221
suspicious,suspicious,1.0,rate-limit,redirect,23.760150999805774
attack,attack,1.0,block,block,13.297888999659335
suspicious,suspicious,1.0,rate-limit,redirect,23.57115400081966
benign,benign,0.9800443806727175,allow,allow,13.33466799951566
benign,benign,0.72,allow,allow,24.204878000091412
suspicious,suspicious,1.0,rate-limit,redirect,24.08764099891414
attack,attack,0.9976518649656192,block,block,23.482356000386062
attack,attack,0.9976518649656192,block,block,23.547389999293955
attack,attack,1.0,block,block,12.992009000299731
suspicious,suspicious,1.0,rate-limit,redirect,23.97263399871008
suspicious,suspicious,1.0,rate-limit,redirect,13.537281000026269
suspicious,suspicious,1.0,rate-limit,redirect,13.579280001067673
attack,attack,0.9976518649656192,block,block,25.059248000616208
attack,attack,1.0,block,block,13.318477000211715
benign,benign,1.0,allow,allow,24.00978399964515
suspicious,suspicious,1.0,rate-limit,redirect,13.70143799977086
benign,benign,1.0,allow,allow,14.433428999836906
attack,attack,1.0,block,block,24.298229000123683
attack,attack,1.0,block,block,13.275926999995136
benign,benign,0.9981403642921678,allow,allow,12.98134900025616
benign,benign,1.0,allow,allow,24.35287300068012
benign,benign,1.0,allow,allow,23.974227000508108
benign,benign,1.0,allow,allow,13.570061999416794
attack,attack,0.9696820463781975,block,block,13.77812699865899
benign,benign,1.0,allow,allow,25.106077999225818
benign,benign,1.0,allow,allow,13.137153999196016
benign,benign,1.0,allow,allow,13.452058999973815
benign,benign,1.0,allow,allow,26.2846180012275
suspicious,suspicious,1.0,rate-limit,redirect,37.34042399992177
attack,attack,0.9976518649656192,block,block,37.73299700151256
benign,suspicious,0.6430956077285734,redirect,allow,14.74690000031842
attack,attack,0.98,block,block,22.879475000081584
benign,benign,1.0,allow,allow,12.655913000344299
attack,attack,0.9976518649656192,block,block,24.647329999424983
benign,benign,1.0,allow,allow,13.3845519994793
suspicious,suspicious,1.0,rate-limit,redirect,12.829321000026539
attack,attack,0.9992647804060275,block,block,24.05333599926962
suspicious,suspicious,0.9951688261243514,rate-limit,redirect,23.990277000848437
suspicious,suspicious,0.99,rate-limit,redirect,23.573589000079664
suspicious,suspicious,0.6430956077285734,redirect,redirect,14.084476999414619
benign,benign,0.79,allow,allow,24.46428300027037
benign,suspicious,0.6430956077285734,redirect,allow,24.747429000854027
attack,attack,1.0,block,block,23.521200000686804
benign,benign,0.8249422416484546,allow,allow,13.33116099885956
benign,benign,0.6906181063744516,allow,allow,24.42573600092146
benign,benign,1.0,allow,allow,14.474794001216651
attack,attack,0.9976518649656192,block,block,15.139577000809368
suspicious,benign,0.6882733182121984,allow,redirect,13.5945800011541
attack,attack,1.0,block,block,25.663012000222807
attack,attack,1.0,block,block,13.72473599985824
suspicious,suspicious,1.0,rate-limit,redirect,25.005233999763732
attack,attack,1.0,block,block,15.30841499879898
benign,benign,1.0,allow,allow,25.069849001738476
benign,benign,1.0,allow,allow,35.557036999307456
suspicious,suspicious,1.0,rate-limit,redirect,25.071054998988984
attack,attack,0.9966997518610421,block,block,25.429956000152742
benign,benign,0.6906181063744516,allow,allow,25.33299199967587
attack,attack,0.9976518649656192,block,block,25.651564999861876
attack,attack,0.9976518649656192,block,block,13.777780999589595
attack,attack,0.9976518649656192,block,block,13.601201000710716
attack,attack,1.0,block,block,24.553894998462056
suspicious,suspicious,1.0,rate-limit,redirect,25.112752999120858
suspicious,suspicious,1.0,rate-limit,redirect,13.34300900089147
attack,attack,1.0,block,block,14.225732998966123
suspicious,benign,0.6906181063744518,allow,redirect,13.137534000634332
suspicious,suspicious,0.6430956077285734,redirect,redirect,12.96430599904852
suspicious,suspicious,1.0,rate-limit,redirect,13.425448998532374
attack,attack,0.9976518649656192,block,block,13.833310998961679
benign,benign,1.0,allow,allow,23.983152999790036
benign,benign,0.99,allow,allow,13.149476999387844
suspicious,suspicious,1.0,rate-limit,redirect,13.736547000007704
benign,benign,1.0,allow,allow,23.192971999378642
benign,benign,0.97,allow,allow,13.204030001361389
suspicious,suspicious,1.0,rate-limit,redirect,24.630406998767285
benign,benign,1.0,allow,allow,14.61563700104307
attack,attack,1.0,block,block,13.734824000493973
suspicious,suspicious,0.6430956077285732,redirect,redirect,13.111625999954413
benign,benign,1.0,allow,allow,13.266349000332411
suspicious,suspicious,1.0,rate-limit,redirect,24.718925000343006
suspicious,suspicious,1.0,rate-limit,redirect,13.188775999878999
benign,benign,1.0,allow,allow,13.475539000864956
attack,attack,0.9976518649656192,block,block,24.220753000918194
suspicious,suspicious,1.0,rate-limit,redirect,13.44338199851336
benign,benign,1.0,allow,allow,13.500932000169996
benign,benign,1.0,allow,allow,12.93670400082192
suspicious,suspicious,1.0,rate-limit,redirect,13.285433999044471
benign,benign,1.0,allow,allow,24.33163200112176
suspicious,suspicious,1.0,rate-limit,redirect,13.752832999671227
attack,attack,1.0,block,block,24.983916999190114
benign,benign,0.9291861029043907,allow,allow,14.10486999884597
suspicious,suspicious,1.0,rate-limit,redirect,23.80288099993777
attack,attack,1.0,block,block,24.436701000013272
attack,attack,1.0,block,block,24.68492099978903
suspicious,suspicious,1.0,rate-limit,redirect,14.109122999798274
suspicious,suspicious,1.0,rate-limit,redirect,13.924113000030047
suspicious,suspicious,1.0,rate-limit,redirect,13.074624999717344
benign,benign,0.97,allow,allow,13.436639999781619
benign,benign,1.0,allow,allow,23.498466000091867
benign,benign,0.97,allow,allow,13.30317800056946
suspicious,suspicious,1.0,rate-limit,redirect,12.876230000983924
attack,attack,1.0,block,block,24.735345999943092
suspicious,suspicious,0.6430956077285734,redirect,redirect,24.874950000594254
suspicious,suspicious,1.0,rate-limit,redirect,14.664903999801027
benign,benign,1.0,allow,allow,13.075136001134524
suspicious,suspicious,1.0,rate-limit,redirect,13.017206998483744
attack,attack,0.99,block,block,24.22586200009391
benign,benign,1.0,allow,allow,26.514802000747295
benign,benign,1.0,allow,allow,13.078372001473326
attack,attack,1.0,block,block,13.33940599943162
suspicious,suspicious,1.0,rate-limit,redirect,12.9144130005443
attack,attack,1.0,block,block,23.302495001189527
suspicious,suspicious,1.0,rate-limit,redirect,24.10056599910604
attack,attack,0.8833151832460733,block,block,13.729645001149038
attack,attack,0.9992647804060275,block,block,13.640271001349902
benign,benign,0.9787245098811117,allow,allow,13.75917100085644
suspicious,suspicious,1.0,rate-limit,redirect,24.01339099924371
suspicious,suspicious,1.0,rate-limit,redirect,13.062281999737024
suspicious,suspicious,0.6430956077285734,redirect,redirect,13.513095000234898
suspicious,suspicious,1.0,rate-limit,redirect,23.991467998712324
benign,benign,0.9199551121244844,allow,allow,24.128017999828444
suspicious,suspicious,1.0,rate-limit,redirect,36.33072199954768
attack,attack,1.0,block,block,28.618833001019084
benign,benign,1.0,allow,allow,67.57445599942002
benign,benign,1.0,allow,allow,13.415080000413582
suspicious,suspicious,1.0,rate-limit,redirect,13.827630000378122
suspicious,suspicious,1.0,rate-limit,redirect,23.431700999935856
benign,benign,1.0,allow,allow,24.03692299958493
benign,benign,0.99,allow,allow,13.661906999914208
suspicious,suspicious,1.0,rate-limit,redirect,13.229788999524317
benign,benign,1.0,allow,allow,23.6436400009552
suspicious,suspicious,1.0,rate-limit,redirect,13.524971998776891
suspicious,suspicious,1.0,rate-limit,redirect,13.491994999640156
attack,attack,0.9976518649656192,block,block,24.900053000237676
benign,benign,0.9665784197717384,allow,allow,13.910697000028449
suspicious,suspicious,1.0,rate-limit,redirect,24.23223500045424
attack,attack,1.0,block,block,23.459731999537325
benign,benign,1.0,allow,allow,13.043286999163684
suspicious,suspicious,1.0,rate-limit,redirect,13.681043001270154
benign,benign,1.0,allow,allow,13.122575999659603
attack,attack,0.9976518649656192,block,block,23.580050001328345
attack,attack,1.0,block,block,13.236452001365251
benign,benign,1.0,allow,allow,24.254274998384062
attack,attack,1.0,block,block,24.2440069996519
suspicious,suspicious,1.0,rate-limit,redirect,13.673322000613553
suspicious,suspicious,1.0,rate-limit,redirect,23.949624999659136
suspicious,suspicious,1.0,rate-limit,redirect,13.443302999803564
suspicious,suspicious,1.0,rate-limit,redirect,13.632009999128059
benign,benign,1.0,allow,allow,13.295824001033907
suspicious,suspicious,1.0,rate-limit,redirect,23.306271999899764
attack,attack,0.9976518649656192,block,block,14.465391001067474
benign,benign,1.0,allow,allow,15.357083000708371
benign,benign,1.0,allow,allow,24.231271001553978
attack,attack,0.9889035449299258,block,block,23.088428999471944
suspicious,suspicious,1.0,rate-limit,redirect,24.501869000232546
benign,benign,0.97,allow,allow,24.63788699969882
suspicious,suspicious,1.0,rate-limit,redirect,13.422313000774011
suspicious,suspicious,1.0,rate-limit,redirect,14.218919999620994
benign,benign,0.8528625568923164,allow,allow,13.791360999675817
suspicious,suspicious,1.0,rate-limit,redirect,13.193950999266235
attack,attack,1.0,block,block,14.242033999835257
suspicious,suspicious,1.0,rate-limit,redirect,24.147613999957684
attack,attack,1.0,block,block,12.838768998335581
suspicious,suspicious,1.0,rate-limit,redirect,24.153575001037098
suspicious,suspicious,1.0,rate-limit,redirect,12.673626999458065
suspicious,suspicious,1.0,rate-limit,redirect,13.61094999992929
attack,attack,0.9976518649656192,block,block,13.756991000263952
suspicious,suspicious,1.0,rate-limit,redirect,12.957764000020688
attack,attack,1.0,block,block,23.321620999922743
benign,benign,0.9791488467398729,allow,allow,23.638128999664332
attack,attack,1.0,block,block,13.854751001417753
suspicious,suspicious,1.0,rate-limit,redirect,14.350639001349919
attack,attack,0.9976518649656192,block,block,24.679078998815385
suspicious,suspicious,1.0,rate-limit,redirect,13.012497000090661
attack,attack,1.0,block,block,25.23007099989627
attack,attack,1.0,block,block,23.734596999929636
attack,attack,1.0,block,block,23.83981500133814
benign,benign,1.0,allow,allow,24.52430599987565
suspicious,suspicious,1.0,rate-limit,redirect,24.338596000234247
benign,benign,1.0,allow,allow,12.870337999629555
suspicious,suspicious,1.0,rate-limit,redirect,24.634174998936942
attack,attack,0.98,block,block,14.15224400079751
attack,attack,1.0,block,block,12.717859999611392
benign,benign,1.0,allow,allow,13.798165000480367
benign,suspicious,0.6430956077285734,redirect,allow,13.615036999908625
suspicious,suspicious,1.0,rate-limit,redirect,24.25688000039372
benign,benign,1.0,allow,allow,14.976053000282263
suspicious,suspicious,1.0,rate-limit,redirect,23.80307199928211
benign,benign,1.0,allow,allow,12.560993998704362
attack,attack,1.0,block,block,14.033159000973683
attack,attack,0.9976518649656192,block,block,23.683706000156235
attack,attack,0.9976518649656192,block,block,13.318986999365734
suspicious,suspicious,1.0,rate-limit,redirect,23.60590799980855
suspicious,suspicious,1.0,rate-limit,redirect,13.397054999586544
benign,benign,1.0,allow,allow,24.507072999767843
attack,attack,1.0,block,block,13.820957001371426
attack,attack,0.9976518649656192,block,block,14.03654499881668
benign,benign,1.0,allow,allow,13.479700999596389
suspicious,suspicious,1.0,rate-limit,redirect,23.689125000601052
suspicious,suspicious,0.6430956077285734,redirect,redirect,23.61841299898515
attack,attack,1.0,block,block,23.3085560012114
benign,benign,1.0,allow,allow,13.23493900054018
benign,benign,1.0,allow,allow,13.440456999887829
benign,benign,1.0,allow,allow,24.288194999826374
attack,attack,0.9992647804060275,block,block,24.32801999930234
attack,attack,0.9976518649656192,block,block,24.171629000193207
suspicious,suspicious,1.0,rate-limit,redirect,23.696010001003742
attack,attack,0.9976518649656192,block,block,13.269533999846317
attack,attack,0.56,block,block,12.74514200122212
suspicious,suspicious,1.0,rate-limit,redirect,23.943226999108447
suspicious,suspicious,1.0,rate-limit,redirect,13.578437999967718
benign,benign,1.0,allow,allow,13.359884000237798
benign,benign,1.0,allow,allow,23.527932000433793
benign,benign,1.0,allow,allow,23.374410999167594
attack,attack,1.0,block,block,14.029841999217751
attack,attack,0.98,block,block,12.843078000514652
benign,benign,1.0,allow,allow,14.086028999372502
suspicious,suspicious,1.0,rate-limit,redirect,13.268972999867401
benign,benign,1.0,allow,allow,23.95420799985004
attack,attack,1.0,block,block,13.572166999438195
suspicious,suspicious,1.0,rate-limit,redirect,23.607932000231813
attack,attack,1.0,block,block,13.446819999444415
suspicious,suspicious,1.0,rate-limit,redirect,13.20785700045235
suspicious,suspicious,1.0,rate-limit,redirect,23.977712000487372
suspicious,suspicious,1.0,rate-limit,redirect,13.535416999729932
benign,benign,0.6906181063744518,allow,allow,13.800677999824984
attack,attack,0.997651864965619,block,block,13.163782999981777
benign,benign,0.9772621174559323,allow,allow,14.274930999818025
suspicious,suspicious,1.0,rate-limit,redirect,13.986956000735518
suspicious,suspicious,1.0,rate-limit,redirect,25.44983700136072
suspicious,suspicious,1.0,rate-limit,redirect,13.225599999714177
benign,benign,0.97,allow,allow,14.184204999764916
benign,benign,1.0,allow,allow,23.79757100061397
suspicious,suspicious,0.6430956077285734,redirect,redirect,24.386656001297524
attack,attack,1.0,block,block,24.03610199871764
attack,attack,0.9976518649656192,block,block,23.816967999664485
attack,attack,1.0,block,block,12.910074001410976
suspicious,suspicious,1.0,rate-limit,redirect,25.010675999510568
suspicious,suspicious,1.0,rate-limit,redirect,24.31627199985087
suspicious,suspicious,1.0,rate-limit,redirect,24.118809000356123
benign,benign,1.0,allow,allow,24.047402999713086
benign,benign,0.67,allow,allow,13.086696999380365
benign,benign,1.0,allow,allow,23.452187999282614
benign,benign,0.9340910883883276,allow,allow,23.657646001083776
benign,benign,0.9991488467398729,allow,allow,23.72042399838392
attack,attack,0.9996820463781976,block,block,13.165012000172283
attack,attack,1.0,block,block,13.161779999791179
attack,attack,1.0,block,block,23.63057499860588
attack,attack,1.0,block,block,12.614123999810545
attack,attack,0.9976518649656192,block,block,12.915012001030846
suspicious,suspicious,1.0,rate-limit,redirect,13.903061999371857
attack,attack,1.0,block,block,13.996739999129204
attack,attack,0.9688111212703556,block,block,23.893026000223472
benign,benign,1.0,allow,allow,13.23443299952487
benign,benign,1.0,allow,allow,23.768304999975953
benign,benign,1.0,allow,allow,23.968494999280665
benign,benign,1.0,allow,allow,13.530738000554265
suspicious,suspicious,1.0,rate-limit,redirect,13.414949000434717
attack,attack,1.0,block,block,24.168072999600554
suspicious,suspicious,1.0,rate-limit,redirect,24.219458999141352
benign,benign,0.99,allow,allow,24.021799999900395
attack,attack,0.9976518649656192,block,block,24.894551999750547
benign,benign,1.0,allow,allow,13.358602000153041
suspicious,benign,0.6906181063744518,allow,redirect,13.243435001641046
attack,attack,1.0,block,block,23.161277000326663
benign,benign,1.0,allow,allow,13.652388000991778
suspicious,suspicious,1.0,rate-limit,redirect,13.084033000268391
attack,attack,0.9976518649656192,block,block,24.486743999659666
attack,attack,1.0,block,block,13.750594000157434
suspicious,suspicious,1.0,rate-limit,redirect,13.404879999143304
attack,attack,0.9882822085889571,block,block,13.595831000202452
attack,attack,1.0,block,block,14.13722000143025
benign,benign,0.4649265724162366,allow,allow,13.182900000174413
benign,benign,1.0,allow,allow,23.896754000816145
benign,benign,1.0,allow,allow,24.711461001061252
benign,benign,0.9948311738756485,allow,allow,13.409487999524572
benign,benign,1.0,allow,allow,13.314239000465022
benign,benign,1.0,allow,allow,13.526088998332852
attack,attack,1.0,block,block,12.54311999946367
suspicious,suspicious,1.0,rate-limit,redirect,12.884865998785244
attack,attack,0.9976518649656192,block,block,13.514487000065856
benign,benign,1.0,allow,allow,23.78672999839182
suspicious,suspicious,1.0,rate-limit,redirect,13.235409000117215
benign,benign,0.9,allow,allow,23.599095999088604
suspicious,suspicious,1.0,rate-limit,redirect,23.974564999662107
attack,attack,0.94,block,block,14.226158000383293
benign,benign,0.87,allow,allow,13.271212001200183
benign,benign,0.68,allow,allow,13.791901001241058
attack,attack,1.0,block,block,24.147112999344245
suspicious,suspicious,1.0,rate-limit,redirect,13.242281000202638
suspicious,suspicious,1.0,rate-limit,redirect,23.696893998931046
benign,suspicious,0.6430956077285734,redirect,allow,23.433331998603535
attack,attack,0.96,block,block,24.03931300068507
attack,attack,0.9991779975278121,block,block,13.973215000078198
attack,attack,0.978190122457267,block,block,23.863971000537276
benign,benign,1.0,allow,allow,13.076282999463729
suspicious,suspicious,1.0,rate-limit,redirect,13.764470999376499
suspicious,suspicious,1.0,rate-limit,redirect,14.050881000002846
attack,attack,0.910357372669582,block,block,23.710515999482595
benign,benign,1.0,allow,allow,24.80881299925386
attack,attack,0.9976518649656192,block,block,33.71943599995575
attack,attack,0.9976518649656192,block,block,24.992090999148786
suspicious,suspicious,1.0,rate-limit,redirect,14.159461999952327
attack,attack,1.0,block,block,24.828616000377224
attack,attack,1.0,block,block,14.419905000977451
benign,benign,1.0,allow,allow,12.604985999132623
suspicious,suspicious,0.6430956077285732,redirect,redirect,13.658819998454419
benign,benign,1.0,allow,allow,23.820704000172555
suspicious,suspicious,0.6430956077285734,redirect,redirect,24.21731499998714
suspicious,suspicious,1.0,rate-limit,redirect,13.650785000208998
attack,attack,0.9976518649656192,block,block,14.077722000365611
attack,attack,1.0,block,block,24.716099000215763
benign,benign,1.0,allow,allow,13.703633998375153
suspicious,suspicious,1.0,rate-limit,redirect,14.043929000763455
suspicious,suspicious,1.0,rate-limit,redirect,13.79378599995107
benign,benign,0.97,allow,allow,13.108578999890597
suspicious,suspicious,1.0,rate-limit,redirect,12.840522000260535
attack,attack,0.9992647804060275,block,block,25.759010999536258
benign,benign,0.99,allow,allow,24.113012001180323
suspicious,suspicious,0.6430956077285734,redirect,redirect,14.404281000679475
suspicious,suspicious,1.0,rate-limit,redirect,13.611630000013974
suspicious,suspicious,1.0,rate-limit,redirect,24.159414999303408
benign,benign,0.91,allow,allow,13.159104999431293
suspicious,suspicious,1.0,rate-limit,redirect,22.935189001145773
attack,attack,1.0,block,block,13.697411999601172
attack,attack,0.9976518649656192,block,block,24.50243400016916
attack,attack,0.9976518649656192,block,block,35.98339299969666
suspicious,suspicious,1.0,rate-limit,redirect,23.848277000070084
benign,suspicious,0.6430956077285734,redirect,allow,13.39301200096088
attack,attack,0.9976518649656192,block,block,13.533051998820156
attack,attack,0.9976518649656192,block,block,13.232182998763165
suspicious,suspicious,1.0,rate-limit,redirect,13.166438000553171
benign,benign,1.0,allow,allow,24.00570400095603
attack,attack,0.9976518649656192,block,block,13.271537000036915
suspicious,suspicious,0.6430956077285734,redirect,redirect,35.257183999419794
suspicious,suspicious,1.0,rate-limit,redirect,27.45503499863844
suspicious,suspicious,1.0,rate-limit,redirect,38.898607999726664
attack,attack,1.0,block,block,24.288668999361107
suspicious,suspicious,1.0,rate-limit,redirect,13.368760999583174
benign,benign,0.6919632890983505,allow,allow,23.60853200116253
benign,benign,0.6810964550700743,allow,allow,24.018784000872984
attack,attack,1.0,block,block,23.550097001134418
suspicious,suspicious,1.0,rate-limit,redirect,23.692049999226583
benign,benign,0.9536667515295663,allow,allow,24.460022999846842
benign,benign,1.0,allow,allow,23.94298599938338
suspicious,suspicious,0.9951688261243514,rate-limit,redirect,13.042814998698304
suspicious,suspicious,1.0,rate-limit,redirect,13.845712999682291
benign,benign,0.99,allow,allow,24.512222000339534
attack,attack,1.0,block,block,13.068103000478004
attack,attack,1.0,block,block,23.362587000519852
suspicious,suspicious,1.0,rate-limit,redirect,13.44039600007818
attack,attack,1.0,block,block,13.244296000266331
attack,attack,1.0,block,block,13.84690499980934
benign,benign,0.9964620980383633,allow,allow,13.313917001141817
benign,benign,1.0,allow,allow,13.918300999648636
attack,attack,1.0,block,block,13.651637000293704
suspicious,suspicious,1.0,rate-limit,redirect,35.1443460003793
attack,attack,0.9976518649656192,block,block,13.902310000048601
attack,attack,0.9976518649656192,block,block,13.82081600058882
benign,benign,1.0,allow,allow,13.173702998756198
benign,suspicious,0.6430956077285734,redirect,allow,13.513124000382959
attack,attack,1.0,block,block,13.02020199909748
suspicious,suspicious,1.0,rate-limit,redirect,13.579840000602417
attack,attack,0.9976518649656191,block,block,14.368893000209937
suspicious,suspicious,1.0,rate-limit,redirect,24.221802001193282
benign,benign,1.0,allow,allow,12.79541700023401
benign,benign,0.9587540855432894,allow,allow,14.822421000644681
benign,benign,1.0,allow,allow,12.59231200128852
attack,attack,0.9899079138683099,block,block,23.485138999603805
attack,attack,0.9976518649656192,block,block,24.137393000273732
suspicious,suspicious,1.0,rate-limit,redirect,24.065126999630593
suspicious,suspicious,0.99,rate-limit,redirect,13.303457000802155
suspicious,suspicious,1.0,rate-limit,redirect,23.45034400059376
suspicious,suspicious,0.99,rate-limit,redirect,23.4128320007585
suspicious,suspicious,1.0,rate-limit,redirect,13.133215999914682
attack,attack,1.0,block,block,13.13640199987276
attack,attack,1.0,block,block,24.075204999462585
benign,benign,1.0,allow,allow,13.32558899957803
suspicious,suspicious,0.6430956077285734,redirect,redirect,12.816735999876983
attack,attack,0.9976518649656192,block,block,13.122534999638447
attack,attack,1.0,block,block,13.09507299993129
suspicious,suspicious,1.0,rate-limit,redirect,13.464231999023468
benign,benign,1.0,allow,allow,24.17446399886103
suspicious,suspicious,1.0,rate-limit,redirect,23.548360000859248
attack,attack,1.0,block,block,13.280454000778263
benign,benign,0.99,allow,allow,24.248012001407915
suspicious,suspicious,1.0,rate-limit,redirect,24.024218999329605
benign,suspicious,0.6430956077285732,redirect,allow,13.413014999969164
benign,benign,1.0,allow,allow,13.28462200035574
attack,attack,1.0,block,block,14.0392499997688
benign,benign,0.9948311738756485,allow,allow,23.834480000004987
attack,attack,1.0,block,block,23.574867998831905
attack,attack,0.9996820463781976,block,block,13.285573999382905
suspicious,suspicious,1.0,rate-limit,redirect,13.999604998389259
attack,attack,1.0,block,block,13.006626000787946
suspicious,suspicious,0.6430956077285734,redirect,redirect,23.544420999314752
benign,benign,0.84,allow,allow,13.287105999552296
suspicious,suspicious,1.0,rate-limit,redirect,13.254674999188865
attack,attack,0.9996870956358076,block,block,24.638660999698914
benign,benign,1.0,allow,allow,24.11277700048231
benign,benign,1.0,allow,allow,24.054445999354357
suspicious,suspicious,1.0,rate-limit,redirect,14.014763000886887
benign,benign,0.98,allow,allow,23.985414998605847
benign,benign,1.0,allow,allow,13.233404000857263
benign,benign,1.0,allow,allow,14.012087000082829
benign,benign,1.0,allow,allow,24.047122000411036
attack,attack,1.0,block,block,24.65358400149853
suspicious,suspicious,1.0,rate-limit,redirect,15.860249999605003
suspicious,suspicious,1.0,rate-limit,redirect,13.610284999231226
benign,benign,1.0,allow,allow,13.897454000471043
attack,attack,1.0,block,block,25.73526499872969
suspicious,suspicious,1.0,rate-limit,redirect,24.492554000971722
suspicious,suspicious,1.0,rate-limit,redirect,23.69761099907919
attack,attack,0.9976518649656192,block,block,23.937243999171187
suspicious,suspicious,1.0,rate-limit,redirect,13.361467001232086
attack,attack,0.9976518649656192,block,block,13.251247999505722
benign,benign,1.0,allow,allow,13.469901999997091
attack,attack,0.9666997518610421,block,block,14.701752999826567
suspicious,suspicious,1.0,rate-limit,redirect,24.760211001193966
attack,benign,0.88,allow,block,13.015141999858315
suspicious,suspicious,1.0,rate-limit,redirect,13.276075000248966
suspicious,suspicious,1.0,rate-limit,redirect,13.56340900019859
attack,attack,0.9976518649656192,block,block,24.814182999762124
suspicious,suspicious,1.0,rate-limit,redirect,13.019879999774275
attack,attack,1.0,block,block,23.95414600141521
benign,benign,1.0,allow,allow,27.09460300138744
attack,attack,1.0,block,block,24.273680999613134
benign,benign,1.0,allow,allow,23.60773999862431
attack,attack,0.9512664165103188,block,block,24.585499999375315
attack,attack,1.0,block,block,24.115526000969112
attack,attack,1.0,block,block,12.972206000995357
suspicious,suspicious,1.0,rate-limit,redirect,14.488959999653162
attack,attack,0.9991779975278121,block,block,24.077178999505122
attack,attack,1.0,block,block,23.853996999605442
attack,attack,0.9792647804060275,block,block,24.843008000971167
suspicious,suspicious,1.0,rate-limit,redirect,13.530746999094845
benign,benign,0.9964620980383633,allow,allow,24.196950000259676
benign,benign,1.0,allow,allow,13.20754200060037
benign,benign,0.99,allow,allow,24.229085000115447
suspicious,suspicious,1.0,rate-limit,redirect,13.225069000327494
attack,attack,0.998190122457267,block,block,24.09252699908393
suspicious,suspicious,1.0,rate-limit,redirect,13.542273998609744
benign,benign,0.8962125883473532,allow,allow,13.557012000092072
suspicious,suspicious,0.99,rate-limit,redirect,23.72855299836374
suspicious,suspicious,1.0,rate-limit,redirect,24.356234998776927
benign,benign,1.0,allow,allow,24.004200000490528
benign,benign,1.0,allow,allow,13.422182000795146
suspicious,suspicious,1.0,rate-limit,redirect,23.700805999396835
benign,suspicious,0.6430956077285734,redirect,allow,24.272347000078298
benign,benign,1.0,allow,allow,13.437550000162446
attack,attack,1.0,block,block,23.751581999022164
attack,attack,0.9550373134328359,block,block,13.280593999297707
benign,benign,1.0,allow,allow,13.792843001283472
attack,attack,0.9976518649656192,block,block,23.685538000790984
attack,attack,0.99,block,block,13.534283998524188
attack,attack,0.9882822085889571,block,block,13.731145998463035
attack,attack,1.0,block,block,13.35768500030099
attack,attack,1.0,block,block,25.024865000887075
attack,attack,0.9976518649656192,block,block,24.09752699895762
attack,attack,1.0,block,block,24.763387000348303
attack,attack,1.0,block,block,23.681840999415726
benign,benign,1.0,allow,allow,14.2689740005153
attack,attack,1.0,block,block,13.985847999720136
suspicious,suspicious,0.99,rate-limit,redirect,14.146502000585315
attack,attack,1.0,block,block,23.445894001270062
attack,attack,1.0,block,block,13.375983999139862
suspicious,suspicious,1.0,rate-limit,redirect,23.579947999678552
benign,benign,0.6906181063744516,allow,allow,13.762074000624125
suspicious,suspicious,1.0,rate-limit,redirect,13.494929999069427
attack,attack,1.0,block,block,14.114280998910544
suspicious,suspicious,1.0,rate-limit,redirect,24.456105000354
attack,attack,1.0,block,block,13.647548001245013
attack,attack,1.0,block,block,13.085885999316815
attack,attack,1.0,block,block,13.307604998772149
benign,benign,0.98,allow,allow,13.147861998731969
attack,attack,1.0,block,block,24.19356899918057
benign,benign,1.0,allow,allow,14.37514499957615
attack,attack,0.9976518649656192,block,block,14.265337000324507
suspicious,suspicious,1.0,rate-limit,redirect,13.758326998868142
attack,attack,0.9976518649656192,block,block,25.763538000319386
suspicious,suspicious,0.9951688261243514,rate-limit,redirect,13.769798999419436
suspicious,suspicious,1.0,rate-limit,redirect,13.270915000248351
suspicious,suspicious,1.0,rate-limit,redirect,13.967062001029262
attack,attack,1.0,block,block,13.750082000115071
attack,attack,0.5701503158420711,block,block,13.523554000130389
attack,attack,0.9976518649656192,block,block,13.599898000393296
suspicious,suspicious,1.0,rate-limit,redirect,13.6332609999954
suspicious,suspicious,1.0,rate-limit,redirect,13.363048999963212
attack,attack,0.9976518649656192,block,block,24.467486999128596
benign,benign,0.9286581744789224,allow,allow,14.180625999870244
attack,attack,1.0,block,block,14.927099000487942
attack,attack,0.8,block,block,13.108518000080949
attack,attack,1.0,block,block,13.438808000501012
benign,benign,1.0,allow,allow,23.35182599927066
benign,benign,1.0,allow,allow,13.425797998934286
attack,attack,1.0,block,block,24.166757000784855
benign,benign,0.9748311738756484,allow,allow,13.57647800068662
attack,attack,0.9976518649656192,block,block,23.80581000033999
attack,attack,1.0,block,block,13.816888000292238
attack,attack,0.9976518649656192,block,block,23.11169199856522
attack,attack,1.0,block,block,24.551003998567467
suspicious,suspicious,1.0,rate-limit,redirect,14.405021000129636
benign,benign,1.0,allow,allow,13.076417000775109
benign,suspicious,0.6430956077285734,redirect,allow,13.381172999288538
suspicious,suspicious,1.0,rate-limit,redirect,12.774205999448895
attack,attack,0.9766997518610421,block,block,24.16339000046719
suspicious,suspicious,1.0,rate-limit,redirect,23.89615600077377
attack,attack,0.9976518649656192,block,block,12.638207999771112
attack,attack,0.9996870956358076,block,block,12.947643999723368
suspicious,suspicious,1.0,rate-limit,redirect,24.72743900034402
attack,attack,0.9976518649656192,block,block,13.829100998918875
suspicious,suspicious,0.6430956077285734,redirect,redirect,23.94511800048349
suspicious,suspicious,1.0,rate-limit,redirect,13.627500000438886
suspicious,suspicious,1.0,rate-limit,redirect,13.94946900109062
attack,attack,0.9992647804060275,block,block,13.069974998870748
benign,benign,1.0,allow,allow,14.581043998987298
benign,benign,1.0,allow,allow,24.415937999947346
attack,attack,0.94,block,block,24.18094500171719
benign,benign,1.0,allow,allow,13.890938000258757
attack,attack,1.0,block,block,23.251757000252837
suspicious,suspicious,1.0,rate-limit,redirect,24.118074999933015
suspicious,suspicious,0.6430956077285734,redirect,redirect,14.493668000795878
benign,benign,1.0,allow,allow,14.072607998969033
attack,attack,1.0,block,block,13.341259000299033
benign,benign,0.8916117238392558,allow,allow,24.692848000995582
benign,benign,0.6906181063744516,allow,allow,24.51558299981116
benign,benign,0.97,allow,allow,24.295311000969377
suspicious,suspicious,1.0,rate-limit,redirect,23.727816998871276
benign,benign,1.0,allow,allow,23.82287699947483
benign,benign,1.0,allow,allow,13.339434000954498
benign,benign,0.98,allow,allow,13.031833001150517
suspicious,suspicious,1.0,rate-limit,redirect,13.580566001110128
attack,attack,0.99,block,block,24.983772998893983
attack,attack,0.9992647804060275,block,block,13.33000700105913
benign,benign,0.8678465000720683,allow,allow,24.22366599967063
attack,attack,1.0,block,block,24.139977000231738
attack,attack,0.9976518649656192,block,block,13.303005000125268
attack,attack,0.9976518649656192,block,block,14.129269000477507
benign,benign,0.8507352195939726,allow,allow,23.840911999286618
attack,attack,1.0,block,block,23.666621000302257
benign,suspicious,0.6430956077285734,redirect,allow,13.428674001261243
attack,attack,0.9976518649656192,block,block,14.149047001410509
suspicious,suspicious,0.6430956077285734,redirect,redirect,25.61669900023844
suspicious,suspicious,1.0,rate-limit,redirect,14.588385000024573
attack,attack,1.0,block,block,23.845243000323535
attack,attack,1.0,block,block,13.41017899903818
attack,attack,1.0,block,block,13.065867000477738
suspicious,suspicious,1.0,rate-limit,redirect,13.440405999062932
benign,benign,1.0,allow,allow,24.01253599964548
benign,benign,0.62,allow,allow,13.182286998926429
benign,benign,1.0,allow,allow,23.968471999978647
suspicious,suspicious,1.0,rate-limit,redirect,13.154295000276761
attack,attack,0.9976518649656192,block,block,23.644308999791974
attack,attack,0.9976518649656192,block,block,13.19231699926604
benign,benign,1.0,allow,allow,29.07696600050258
suspicious,suspicious,1.0,rate-limit,redirect,14.975890999266994
attack,attack,1.0,block,block,13.927756999692065
attack,attack,0.9996870956358076,block,block,12.978351998754079
attack,attack,1.0,block,block,14.08505500148749
suspicious,suspicious,1.0,rate-limit,redirect,13.931866000348236
attack,attack,1.0,block,block,13.513183001123252
suspicious,suspicious,1.0,rate-limit,redirect,13.748007000685902
suspicious,suspicious,1.0,rate-limit,redirect,23.60262000001967
suspicious,suspicious,1.0,rate-limit,redirect,13.664811000126065
suspicious,suspicious,1.0,rate-limit,redirect,24.631897000290337
suspicious,suspicious,1.0,rate-limit,redirect,13.426560000880272
suspicious,suspicious,1.0,rate-limit,redirect,24.40945600028499
attack,attack,1.0,block,block,13.863195999874733
suspicious,suspicious,0.93,rate-limit,redirect,14.245939999455004
attack,attack,0.9976518649656192,block,block,13.530435999200563
attack,attack,0.9991779975278121,block,block,13.827888000378152
suspicious,suspicious,1.0,rate-limit,redirect,13.096815999233513
attack,attack,0.9976518649656192,block,block,14.297406998593942
attack,attack,1.0,block,block,23.66254300068249
benign,benign,0.96,allow,allow,25.282417998823803
benign,suspicious,0.6430956077285732,redirect,allow,13.755010999375372
suspicious,suspicious,1.0,rate-limit,redirect,24.2231840002205
suspicious,suspicious,1.0,rate-limit,redirect,13.536798000131967
suspicious,suspicious,0.9951688261243514,rate-limit,redirect,13.921095000114292
suspicious,suspicious,1.0,rate-limit,redirect,13.308756999322213
suspicious,suspicious,1.0,rate-limit,redirect,13.49749399923894
suspicious,suspicious,1.0,rate-limit,redirect,13.091996999719413
suspicious,suspicious,1.0,rate-limit,redirect,23.31671899992216
benign,benign,0.853710600337193,allow,allow,24.110039999868604
benign,benign,1.0,allow,allow,24.4513960005861
attack,attack,1.0,block,block,25.571956000931095
benign,benign,1.0,allow,allow,14.032672001121682
suspicious,suspicious,1.0,rate-limit,redirect,25.18765799868561
benign,benign,1.0,allow,allow,25.77892199951748
suspicious,suspicious,1.0,rate-limit,redirect,26.451144000020577
benign,benign,1.0,allow,allow,24.460482998620137
benign,benign,1.0,allow,allow,13.703328000701731
benign,benign,1.0,allow,allow,13.882106999517418
benign,suspicious,0.6430956077285734,redirect,allow,14.21511099943018
suspicious,suspicious,1.0,rate-limit,redirect,14.182490000166581
suspicious,suspicious,1.0,rate-limit,redirect,23.788571001205128
attack,attack,0.9976518649656192,block,block,13.800767999782693
attack,attack,1.0,block,block,23.555510999358376
suspicious,suspicious,1.0,rate-limit,redirect,24.85460299976694
suspicious,suspicious,1.0,rate-limit,redirect,13.383978999627288
benign,benign,0.6906181063744518,allow,allow,12.847864998548175
attack,attack,0.9996820463781976,block,block,23.972329998287023
benign,benign,1.0,allow,allow,23.93327100071474
suspicious,suspicious,1.0,rate-limit,redirect,24.22530799958622
benign,benign,1.0,allow,allow,24.846623000485124
attack,attack,1.0,block,block,27.23861899903568
benign,benign,1.0,allow,allow,24.695506999705685
suspicious,suspicious,1.0,rate-limit,redirect,25.980818001698935
benign,benign,1.0,allow,allow,25.232907999452436
benign,benign,0.8479627766599598,allow,allow,25.83496199986257
suspicious,suspicious,1.0,rate-limit,redirect,13.997564999954193
attack,attack,0.9,block,block,24.739070000578067
attack,attack,0.9976518649656192,block,block,13.617960999908973
benign,benign,1.0,allow,allow,14.30244000039238
benign,benign,1.0,allow,allow,13.266737001686124
suspicious,suspicious,1.0,rate-limit,redirect,23.663784999371273
benign,benign,0.99,allow,allow,13.94664899999043
attack,attack,0.9976518649656192,block,block,24.74774999973306
benign,benign,0.98,allow,allow,23.908528999527334
attack,attack,0.997651864965619,block,block,13.069439000901184
benign,benign,1.0,allow,allow,24.59021200047573
suspicious,suspicious,1.0,rate-limit,redirect,14.261017999160686
benign,benign,0.99,allow,allow,13.741786000537104
benign,benign,0.949978014074022,allow,allow,13.72748899848375
attack,attack,1.0,block,block,24.985133999507525
benign,benign,1.0,allow,allow,24.266915999760386
attack,attack,0.9976518649656191,block,block,14.864359000057448
attack,attack,1.0,block,block,13.607922001028783
attack,attack,0.9996870956358076,block,block,14.16643900120107
suspicious,suspicious,1.0,rate-limit,redirect,23.144030999901588
attack,attack,0.6389035449299257,block,block,13.56132399996568
attack,attack,1.0,block,block,23.84726299897011
suspicious,suspicious,1.0,rate-limit,redirect,23.465270000087912
benign,benign,1.0,allow,allow,13.561734998802422
attack,attack,1.0,block,block,13.20777599903522
suspicious,suspicious,1.0,rate-limit,redirect,13.026402000832604
benign,benign,1.0,allow,allow,24.677282000993728
attack,attack,1.0,block,block,13.384230000156094
suspicious,suspicious,1.0,rate-limit,redirect,14.282788999480545
attack,attack,1.0,block,block,13.092938999761827
benign,benign,0.94,allow,allow,13.72068499949819
suspicious,suspicious,1.0,rate-limit,redirect,23.778291999406065
attack,attack,1.0,block,block,24.526387000150862
benign,benign,1.0,allow,allow,14.120592999461223
attack,attack,1.0,block,block,13.460043001032318
benign,benign,1.0,allow,allow,25.20494999953371
attack,attack,1.0,block,block,24.12766299858049
attack,attack,0.9976518649656192,block,block,24.40606900017883
suspicious,suspicious,1.0,rate-limit,redirect,13.044416999036912
attack,attack,0.9976518649656192,block,block,13.83586399970227
suspicious,suspicious,1.0,rate-limit,redirect,23.627667000255315
benign,benign,1.0,allow,allow,13.394538998909411
attack,attack,1.0,block,block,13.544321998779196
benign,benign,1.0,allow,allow,24.160064000170678
attack,attack,1.0,block,block,23.615238998900168
benign,benign,1.0,allow,allow,23.835269999835873
benign,benign,1.0,allow,allow,13.435266000669799
suspicious,suspicious,1.0,rate-limit,redirect,13.358471000174177
suspicious,suspicious,1.0,rate-limit,redirect,23.60915200006275
attack,attack,1.0,block,block,23.48312300091493
benign,benign,0.81,allow,allow,12.838587999794981
suspicious,suspicious,1.0,rate-limit,redirect,13.75158399969223
suspicious,suspicious,1.0,rate-limit,redirect,13.274381999508478
attack,attack,1.0,block,block,23.824960000638384
benign,benign,0.99,allow,allow,26.528484999289503
suspicious,suspicious,1.0,rate-limit,redirect,25.622058999942965
benign,benign,0.99,allow,allow,24.049174000538187
attack,attack,0.9976518649656192,block,block,23.876627999925404
attack,attack,0.9976518649656192,block,block,23.610323998582317
suspicious,benign,0.99,allow,redirect,12.810923999495571
benign,benign,1.0,allow,allow,13.265533998492174
attack,attack,1.0,block,block,23.330944999543135
suspicious,suspicious,1.0,rate-limit,redirect,12.746091999360942
benign,benign,0.98,allow,allow,13.149104999683914
attack,attack,1.0,block,block,12.859116000981885
suspicious,suspicious,0.6430956077285734,redirect,redirect,13.981459000206087
attack,attack,1.0,block,block,13.219297999967239
attack,attack,0.9976518649656192,block,block,13.114660001519951
benign,benign,1.0,allow,allow,13.210520000939141
attack,attack,1.0,block,block,13.570932000220637
suspicious,suspicious,1.0,rate-limit,redirect,24.015930999667034
attack,attack,1.0,block,block,24.55698500125436
benign,benign,1.0,allow,allow,24.105550999593106
suspicious,suspicious,1.0,rate-limit,redirect,16.17404699936742
suspicious,suspicious,1.0,rate-limit,redirect,13.018487999943318
benign,benign,0.99,allow,allow,13.554271001339657
benign,benign,1.0,allow,allow,13.475060999553534
benign,benign,1.0,allow,allow,13.476484000420896
suspicious,suspicious,1.0,rate-limit,redirect,13.520888000130071
suspicious,suspicious,1.0,rate-limit,redirect,23.95206999972288
suspicious,suspicious,1.0,rate-limit,redirect,13.658887999554281
benign,benign,1.0,allow,allow,13.923810000051162
benign,benign,1.0,allow,allow,24.231909001173335
attack,attack,1.0,block,block,12.80466299976979
suspicious,suspicious,1.0,rate-limit,redirect,12.990463999813073
suspicious,suspicious,1.0,rate-limit,redirect,14.120591999017051
attack,attack,1.0,block,block,13.338513001144747
attack,attack,1.0,block,block,13.68334499966295
attack,attack,1.0,block,block,24.134164999850327
attack,attack,0.9991779975278121,block,block,25.295307001215406
benign,benign,1.0,allow,allow,13.930136999988463
benign,benign,1.0,allow,allow,23.462593999283854
attack,attack,0.9976518649656192,block,block,12.964014000317547
attack,attack,1.0,block,block,13.213436001024093
benign,suspicious,0.6430956077285734,redirect,allow,23.65360600015265
suspicious,suspicious,1.0,rate-limit,redirect,14.118036999207106
benign,benign,1.0,allow,allow,13.074613998469431
suspicious,suspicious,1.0,rate-limit,redirect,23.689464000199223
attack,attack,0.9976518649656192,block,block,14.600470000004862
benign,benign,0.9787335834896811,allow,allow,13.817188000757596
attack,attack,1.0,block,block,23.770145999151282
suspicious,suspicious,1.0,rate-limit,redirect,23.36721900064731
attack,attack,0.9976518649656192,block,block,25.71974899910856
attack,attack,0.9976518649656192,block,block,23.153330001150607
suspicious,suspicious,1.0,rate-limit,redirect,13.388726998528
suspicious,suspicious,1.0,rate-limit,redirect,13.719839998884709
benign,benign,1.0,allow,allow,24.678768000740092
benign,benign,1.0,allow,allow,23.784131999491365
attack,attack,1.0,block,block,13.88136400055373
attack,attack,1.0,block,block,24.8569370014593
attack,attack,1.0,block,block,13.163862000510562
suspicious,suspicious,1.0,rate-limit,redirect,13.694416000362253
attack,attack,0.9976518649656192,block,block,13.403524999375804
attack,attack,0.998282208588957,block,block,13.912188000176684
attack,attack,1.0,block,block,13.087428000289947
attack,attack,0.9976518649656192,block,block,13.861637000445626
benign,benign,1.0,allow,allow,13.464120000207913
attack,attack,0.9976518649656192,block,block,14.055323001230136
benign,benign,0.8895722701061166,allow,allow,12.880895999842323
attack,attack,0.998190122457267,block,block,15.05988800090563
benign,benign,0.8191566246510135,allow,allow,23.79870999902778
benign,benign,1.0,allow,allow,13.607502000013483
suspicious,suspicious,1.0,rate-limit,redirect,12.777330999597325
attack,attack,1.0,block,block,13.680117999683716
attack,attack,1.0,block,block,13.11605199953192
benign,benign,1.0,allow,allow,12.671160000536474
benign,benign,1.0,allow,allow,13.253361999886693
benign,suspicious,0.6430956077285734,redirect,allow,13.51368300129252
suspicious,suspicious,1.0,rate-limit,redirect,13.633020000270335
benign,benign,0.930047712148661,allow,allow,13.906567000958603
attack,attack,1.0,block,block,13.42676900094375
attack,attack,0.98,block,block,24.113355000736192
suspicious,suspicious,1.0,rate-limit,redirect,12.974212999324664
suspicious,suspicious,1.0,rate-limit,redirect,13.484848999723908
attack,attack,1.0,block,block,23.923015000036685
suspicious,benign,0.8469181333098906,allow,redirect,13.29207499838958
attack,attack,0.9976518649656192,block,block,22.929516000658623
benign,benign,1.0,allow,allow,14.699252000355045
suspicious,suspicious,1.0,rate-limit,redirect,13.468573999489308
benign,benign,1.0,allow,allow,14.528563000567374
benign,benign,0.6906181063744516,allow,allow,13.91716699981771
suspicious,suspicious,1.0,rate-limit,redirect,23.0773949988361
suspicious,suspicious,1.0,rate-limit,redirect,12.949236001077225
benign,benign,1.0,allow,allow,23.54314600052021
suspicious,suspicious,1.0,rate-limit,redirect,13.031702001171652
benign,benign,1.0,allow,allow,13.286393999806023
benign,benign,1.0,allow,allow,23.034122999888496
suspicious,suspicious,1.0,rate-limit,redirect,23.8458650001121
suspicious,suspicious,1.0,rate-limit,redirect,23.563745999126695
suspicious,suspicious,1.0,rate-limit,redirect,24.085707000267575
attack,attack,1.0,block,block,24.525193999579642
benign,benign,1.0,allow,allow,24.61306100121874
benign,benign,1.0,allow,allow,13.34135800061631
suspicious,suspicious,1.0,rate-limit,redirect,13.61881299999368
attack,attack,0.9976518649656192,block,block,24.647446000017226
attack,attack,0.98,block,block,25.315798999145045
attack,attack,0.9976518649656192,block,block,25.688450999950874
benign,benign,1.0,allow,allow,25.082502999794087
suspicious,suspicious,1.0,rate-limit,redirect,24.736644001677632
benign,benign,1.0,allow,allow,13.209548000304494
suspicious,suspicious,1.0,rate-limit,redirect,13.271215999338892
attack,attack,1.0,block,block,13.93877700138546
suspicious,suspicious,1.0,rate-limit,redirect,13.335546000234899
suspicious,suspicious,0.6430956077285734,redirect,redirect,23.92800400048145
attack,attack,0.9976518649656192,block,block,13.415387000350165
suspicious,suspicious,1.0,rate-limit,redirect,12.687911001194152
suspicious,suspicious,1.0,rate-limit,redirect,26.44629799942777
suspicious,suspicious,1.0,rate-limit,redirect,25.340553000205546
benign,suspicious,0.6430956077285734,redirect,allow,24.028657000599196
attack,attack,1.0,block,block,24.2073529989284
benign,benign,1.0,allow,allow,23.556460999316187
attack,attack,1.0,block,block,13.66620200133184
suspicious,suspicious,1.0,rate-limit,redirect,23.846329999287263
suspicious,suspicious,0.6430956077285734,redirect,redirect,23.878681000496726
attack,attack,0.9976518649656192,block,block,12.77216099879297
suspicious,suspicious,1.0,rate-limit,redirect,13.530439999158261
suspicious,suspicious,1.0,rate-limit,redirect,13.369906000662013
attack,attack,1.0,block,block,23.654014999920037
attack,attack,0.9976518649656192,block,block,12.765769000907312
benign,benign,1.0,allow,allow,23.631723001017235
attack,attack,0.9976518649656192,block,block,23.859213000832824
suspicious,suspicious,1.0,rate-limit,redirect,13.481383000907954
suspicious,suspicious,1.0,rate-limit,redirect,13.17840900082956
attack,attack,0.998190122457267,block,block,13.650959001097362
suspicious,suspicious,1.0,rate-limit,redirect,13.469253999573993
suspicious,suspicious,1.0,rate-limit,redirect,24.239844000476296
benign,benign,0.9764620980383633,allow,allow,13.157128998500411
benign,benign,1.0,allow,allow,23.521225000877166
suspicious,suspicious,0.6430956077285734,redirect,redirect,24.0603549991647
attack,attack,1.0,block,block,12.876757999038091
benign,benign,0.963533260764968,allow,allow,13.006735000089975
attack,attack,0.9976518649656192,block,block,13.277917998493649
suspicious,suspicious,0.6430956077285732,redirect,redirect,14.069445000131964
attack,attack,0.9976518649656192,block,block,14.69791299859935
benign,benign,1.0,allow,allow,24.82453999982681
benign,benign,1.0,allow,allow,24.22001699960674
attack,attack,1.0,block,block,23.29938600087189
benign,benign,1.0,allow,allow,13.662305000252672
attack,attack,1.0,block,block,24.080158000288066
suspicious,suspicious,1.0,rate-limit,redirect,23.55148599963286
benign,benign,1.0,allow,allow,13.794303999020485
suspicious,suspicious,0.6430956077285734,redirect,redirect,25.30731299884792
suspicious,suspicious,1.0,rate-limit,redirect,23.404644000038388
benign,suspicious,0.6430956077285734,redirect,allow,23.333539998930064
suspicious,suspicious,1.0,rate-limit,redirect,13.430606999463635
suspicious,suspicious,1.0,rate-limit,redirect,13.532860000850633
benign,suspicious,0.6430956077285734,redirect,allow,13.872272000298835
benign,benign,0.9667435518135977,allow,allow,13.475141000526492
suspicious,suspicious,1.0,rate-limit,redirect,13.709282999116112
attack,attack,0.99,block,block,24.075743000139482
suspicious,suspicious,1.0,rate-limit,redirect,24.13439499832748
suspicious,suspicious,1.0,rate-limit,redirect,24.63876900037576
benign,benign,1.0,allow,allow,24.309496000569197
attack,attack,1.0,block,block,14.21402800042415
suspicious,suspicious,1.0,rate-limit,redirect,23.472251999919536
suspicious,suspicious,0.6430956077285734,redirect,redirect,13.38952900005097
attack,attack,0.9976518649656192,block,block,13.823178000166081
benign,benign,1.0,allow,allow,13.201412000853452
benign,benign,1.0,allow,allow,23.28984700034198
suspicious,suspicious,1.0,rate-limit,redirect,12.690745999861974
benign,benign,1.0,allow,allow,13.510085998859722
attack,attack,0.997651864965619,block,block,13.593795001725084
attack,attack,0.9666997518610421,block,block,24.05202900081349
benign,benign,0.98,allow,allow,24.54197400038538
attack,attack,0.9976518649656192,block,block,14.167589999487973
suspicious,suspicious,1.0,rate-limit,redirect,24.786978001429816
benign,benign,1.0,allow,allow,13.921924999522162
attack,attack,0.998190122457267,block,block,13.315869000507519
benign,benign,1.0,allow,allow,25.697301000036532
benign,suspicious,0.6430956077285734,redirect,allow,23.961887000041315
benign,benign,1.0,allow,allow,14.295702998424531
suspicious,suspicious,1.0,rate-limit,redirect,24.468726998748025
attack,attack,1.0,block,block,26.02243500041368
suspicious,benign,0.9679717505726033,allow,redirect,13.010050999582745
attack,attack,0.9976518649656192,block,block,13.914402001319104
attack,attack,0.9999079138683099,block,block,23.724519000097644
suspicious,suspicious,1.0,rate-limit,redirect,13.28215600005933
benign,benign,1.0,allow,allow,23.49389200026053
benign,benign,1.0,allow,allow,13.227432000348927
suspicious,suspicious,1.0,rate-limit,redirect,13.49009800105705
benign,benign,1.0,allow,allow,13.177847999031655
benign,benign,0.9948311738756485,allow,allow,13.706277999517624
suspicious,suspicious,1.0,rate-limit,redirect,13.585980001153075
suspicious,suspicious,1.0,rate-limit,redirect,12.759686998833786
suspicious,suspicious,1.0,rate-limit,redirect,23.50843000021996
attack,attack,1.0,block,block,13.1881279994559
benign,benign,1.0,allow,allow,23.63015999981144
attack,attack,1.0,block,block,23.5828719996789
attack,attack,0.9996870956358076,block,block,12.948689000040758
suspicious,suspicious,1.0,rate-limit,redirect,13.645042001371621
attack,attack,1.0,block,block,13.436016999548883
suspicious,suspicious,1.0,rate-limit,redirect,13.414495999313658
suspicious,suspicious,1.0,rate-limit,redirect,12.89308000013989
suspicious,suspicious,1.0,rate-limit,redirect,13.296782999532297
suspicious,suspicious,1.0,rate-limit,redirect,12.960506001036265
benign,benign,0.99,allow,allow,23.51234200068575
suspicious,suspicious,1.0,rate-limit,redirect,13.806988999931491
suspicious,suspicious,1.0,rate-limit,redirect,12.616497000635718
benign,benign,0.5720306957752355,allow,allow,13.367145998927299
suspicious,suspicious,1.0,rate-limit,redirect,24.521907000234933
suspicious,suspicious,1.0,rate-limit,redirect,34.916471000542515
suspicious,suspicious,1.0,rate-limit,redirect,35.80364799927338
suspicious,suspicious,1.0,rate-limit,redirect,26.012813001216273
attack,attack,1.0,block,block,24.24443200106907
benign,benign,1.0,allow,allow,24.25465200030885
suspicious,suspicious,1.0,rate-limit,redirect,24.205188999985694
attack,attack,1.0,block,block,13.03519800057984
benign,benign,1.0,allow,allow,25.226981000741944
attack,attack,1.0,block,block,14.403271001356188
suspicious,suspicious,1.0,rate-limit,redirect,33.96598799918138
attack,attack,1.0,block,block,23.979852001502877
benign,benign,0.87,allow,allow,25.617092000175035
suspicious,suspicious,0.9780733532422358,rate-limit,redirect,24.54917800059775
suspicious,suspicious,1.0,rate-limit,redirect,23.94353799900273
attack,attack,1.0,block,block,14.007667999976547
benign,benign,1.0,allow,allow,13.538330000301357
suspicious,suspicious,1.0,rate-limit,redirect,13.342414000362623
benign,benign,1.0,allow,allow,24.223067001003074
suspicious,suspicious,1.0,rate-limit,redirect,13.349508000828791
suspicious,suspicious,1.0,rate-limit,redirect,15.802267000253778
suspicious,suspicious,1.0,rate-limit,redirect,12.901980000606272
suspicious,suspicious,1.0,rate-limit,redirect,12.82978400013235
suspicious,suspicious,1.0,rate-limit,redirect,13.280220999149606
attack,attack,0.9976518649656192,block,block,13.762573998974403
attack,attack,1.0,block,block,13.375632001043414
attack,attack,1.0,block,block,13.703432001420879
attack,attack,0.9976518649656192,block,block,13.586301000032108
attack,attack,0.9999079138683099,block,block,14.620055999330361
suspicious,suspicious,1.0,rate-limit,redirect,12.999540998862358
attack,attack,1.0,block,block,24.400686999797472
suspicious,suspicious,1.0,rate-limit,redirect,13.589366999440244
attack,attack,1.0,block,block,23.87163599996711
suspicious,suspicious,1.0,rate-limit,redirect,14.182668999637826
suspicious,suspicious,1.0,rate-limit,redirect,13.046910000412026
benign,benign,1.0,allow,allow,13.342358999580028
attack,attack,1.0,block,block,13.735082000494003
suspicious,suspicious,0.6430956077285734,redirect,redirect,25.474775000475347
suspicious,suspicious,1.0,rate-limit,redirect,14.731376999407075
attack,attack,0.9976518649656192,block,block,13.191499001550255
benign,benign,1.0,allow,allow,13.766395999482484
benign,benign,1.0,allow,allow,13.066933999652974
benign,benign,1.0,allow,allow,24.138286000379594
benign,benign,0.92,allow,allow,23.69870899929083
suspicious,suspicious,1.0,rate-limit,redirect,13.3825250013615
attack,attack,0.9976518649656192,block,block,23.875774000771344
suspicious,suspicious,1.0,rate-limit,redirect,13.170794998586643
suspicious,suspicious,1.0,rate-limit,redirect,23.94526600073732
suspicious,suspicious,1.0,rate-limit,redirect,13.237450000815443
attack,attack,1.0,block,block,13.648198000737466
suspicious,suspicious,1.0,rate-limit,redirect,13.619814000776387
benign,benign,0.99,allow,allow,13.029337998887058
suspicious,suspicious,1.0,rate-limit,redirect,13.10516000012285
attack,attack,1.0,block,block,24.093867001283797
attack,attack,0.998190122457267,block,block,23.569065000629053
benign,benign,1.0,allow,allow,13.873748999685631
benign,benign,0.99,allow,allow,25.18971499921463
attack,attack,0.9976518649656192,block,block,23.82182300061686
attack,attack,0.9999079138683099,block,block,24.13021599932108
suspicious,suspicious,1.0,rate-limit,redirect,13.475430001562927
suspicious,suspicious,1.0,rate-limit,redirect,13.186815000153729
attack,attack,0.9588111212703556,block,block,13.109056999383029
benign,benign,0.94,allow,allow,13.492953999957535
benign,benign,1.0,allow,allow,24.502489999576937
benign,benign,1.0,allow,allow,13.482193999152514
attack,attack,1.0,block,block,23.819448000722332
suspicious,suspicious,1.0,rate-limit,redirect,13.835480998750427
suspicious,suspicious,1.0,rate-limit,redirect,23.202158999993117
attack,attack,1.0,block,block,13.505196999176405
attack,attack,1.0,block,block,13.670560001628473
benign,benign,1.0,allow,allow,13.304807998792967
suspicious,suspicious,0.6430956077285734,redirect,redirect,23.75066800050263
attack,attack,1.0,block,block,13.54679600080999
benign,benign,1.0,allow,allow,25.0757239991799
suspicious,suspicious,1.0,rate-limit,redirect,13.723169000513735
attack,attack,1.0,block,block,14.256688999012113
benign,benign,0.9948311738756485,allow,allow,25.15953300098772
attack,attack,1.0,block,block,37.0716249999532
benign,attack,0.54,block,allow,23.62604200061469
benign,benign,1.0,allow,allow,23.71306600070966
suspicious,suspicious,1.0,rate-limit,redirect,13.254652998512029
suspicious,suspicious,1.0,rate-limit,redirect,23.808637000911403
suspicious,suspicious,1.0,rate-limit,redirect,23.887236000518897
suspicious,suspicious,1.0,rate-limit,redirect,23.29520599960233
suspicious,suspicious,1.0,rate-limit,redirect,23.787046999132144
attack,attack,1.0,block,block,14.235848999305745
benign,benign,0.9748311738756484,allow,allow,13.156848001017352
benign,benign,0.92,allow,allow,24.62238400039496
benign,benign,0.97,allow,allow,36.887440999635146
attack,attack,0.9992647804060275,block,block,26.306357000066782
attack,attack,1.0,block,block,35.6355040003109
suspicious,suspicious,1.0,rate-limit,redirect,24.579666000136058
suspicious,suspicious,1.0,rate-limit,redirect,14.291964998847106
benign,benign,1.0,allow,allow,13.072978999844054
benign,benign,0.99,allow,allow,13.764954999714973
attack,attack,0.9999079138683099,block,block,13.147293000656646
benign,benign,1.0,allow,allow,23.799370999768144
suspicious,suspicious,1.0,rate-limit,redirect,13.943626001491793
attack,attack,0.99,block,block,13.493143000232521
benign,benign,1.0,allow,allow,23.221988001751015
attack,attack,0.9996870956358076,block,block,13.9845140001853
benign,benign,0.930047712148661,allow,allow,13.633560000016587
benign,benign,1.0,allow,allow,12.739428000713815
attack,attack,0.9083539603960397,block,block,13.187877000746084
attack,attack,1.0,block,block,13.269401000798098
attack,attack,0.9976518649656192,block,block,13.840161000189255
suspicious,suspicious,0.9951688261243514,rate-limit,redirect,13.58713199988415
suspicious,suspicious,0.6430956077285734,redirect,redirect,25.414775000172085
benign,benign,0.98,allow,allow,13.5370480002166
attack,attack,0.9976518649656192,block,block,13.572293000834179
suspicious,suspicious,1.0,rate-limit,redirect,23.7579309996363
benign,benign,1.0,allow,allow,12.773993001246708
benign,benign,0.97,allow,allow,24.253999999928055
suspicious,suspicious,1.0,rate-limit,redirect,13.027544000578928
suspicious,suspicious,1.0,rate-limit,redirect,13.130387998899096
suspicious,suspicious,1.0,rate-limit,redirect,13.717378000364988
benign,benign,1.0,allow,allow,23.670575999858556
benign,benign,1.0,allow,allow,23.577620000651223
attack,attack,1.0,block,block,13.317340999492444
suspicious,suspicious,1.0,rate-limit,redirect,13.663006000570022
attack,attack,1.0,block,block,23.92139000039606
benign,benign,1.0,allow,allow,12.699246999545721
suspicious,suspicious,0.6430956077285734,redirect,redirect,13.859782000508858
suspicious,suspicious,1.0,rate-limit,redirect,25.07402599985653
attack,attack,1.0,block,block,36.579032999725314
benign,benign,1.0,allow,allow,23.798236999937217
benign,benign,1.0,allow,allow,13.178458999391296
attack,attack,1.0,block,block,12.973951999811106
suspicious,suspicious,1.0,rate-limit,redirect,24.604141999589046
benign,benign,0.99,allow,allow,13.813935000143829
attack,attack,0.9976518649656192,block,block,24.578238000685815
suspicious,suspicious,1.0,rate-limit,redirect,13.243585999589413
attack,attack,0.9976518649656192,block,block,14.96584600135975
suspicious,suspicious,0.9951688261243514,rate-limit,redirect,13.23991499884869
attack,attack,0.9999079138683099,block,block,23.925773000883055
suspicious,suspicious,1.0,rate-limit,redirect,12.786773000698304
suspicious,suspicious,1.0,rate-limit,redirect,23.887285999080632
benign,benign,1.0,allow,allow,12.860978000389878
suspicious,suspicious,1.0,rate-limit,redirect,13.104117999318987
suspicious,suspicious,1.0,rate-limit,redirect,13.015309999900637
attack,attack,1.0,block,block,13.184731000364991
benign,benign,0.9212712731410266,allow,allow,13.106161999530741
benign,benign,1.0,allow,allow,13.985505000164267
attack,attack,0.9976518649656192,block,block,24.847672000760213
benign,benign,0.99,allow,allow,23.7328190014523
suspicious,suspicious,1.0,rate-limit,redirect,13.662323999596993
attack,attack,0.9976518649656192,block,block,24.176040999009274
benign,benign,1.0,allow,allow,13.356876001125784
attack,attack,1.0,block,block,13.484377001077519
benign,benign,0.97,allow,allow,13.643779000631184
attack,attack,0.99,block,block,13.809342000968172
benign,benign,0.96,allow,allow,13.09071200012113
attack,attack,1.0,block,block,13.503878999472363
attack,attack,1.0,block,block,13.942960000349558
benign,benign,0.8941853869640994,allow,allow,25.04227700046613
suspicious,suspicious,1.0,rate-limit,redirect,13.240428999779397
attack,attack,0.9976518649656192,block,block,13.54409000123269
suspicious,suspicious,0.6430956077285734,redirect,redirect,13.286252000398235
attack,attack,0.9999079138683099,block,block,13.39478699992469
suspicious,suspicious,1.0,rate-limit,redirect,13.332757000171114
benign,benign,1.0,allow,allow,13.58095300020068
suspicious,suspicious,1.0,rate-limit,redirect,23.8088730002346
benign,benign,1.0,allow,allow,23.193663999336422
attack,attack,0.9,block,block,14.44062100017618
